{
    "parent": "item/generated",
    "textures": {
        "layer0": "item/iron_ingot/iron_ingot_c"
    },
	"overrides": [
		{
			"predicate": {
				"custom_model_data": 1
			},
			"model": "item/iron_ingot/iron_ingot_c"
		},
		{
			"predicate": {
				"custom_model_data": 2
			},
			"model": "item/iron_ingot/iron_ingot_b"
		},
		{
			"predicate": {
				"custom_model_data": 3
			},
			"model": "item/iron_ingot/iron_ingot_a"
		},
		{
			"predicate": {
				"custom_model_data": 4
			},
			"model": "item/iron_ingot/iron_ingot_s"
		}
	]
}
