{
    "parent": "item/generated",
    "textures": {
        "layer0": "item/diamond/diamond_c"
    },
		"overrides": [
			{
				"predicate": {
					"custom_model_data": 1
				},
				"model": "item/diamond/diamond_c"
			},
			{
				"predicate": {
					"custom_model_data": 2
				},
				"model": "item/diamond/diamond_b"
			},
			{
				"predicate": {
					"custom_model_data": 3
				},
				"model": "item/diamond/diamond_a"
			},
			{
				"predicate": {
					"custom_model_data": 4
				},
				"model": "item/diamond/diamond_s"
			}
		]
}
