{
    "parent": "item/generated",
    "textures": {
        "layer0": "item/experience_bottle"
    },
	"overrides": [
		{
			"predicate": {
				"custom_model_data": 1
			},
			"model": "item/magic_essences/magic_essence_1"
		},
		{
			"predicate": {
				"custom_model_data": 2
			},
			"model": "item/magic_essences/magic_essence_2"
		},
		{
			"predicate": {
				"custom_model_data": 3
			},
			"model": "item/magic_essences/magic_essence_3"
		},
		{
			"predicate": {
				"custom_model_data": 4
			},
			"model": "item/magic_essences/magic_essence_4"
		},
		{
			"predicate": {
				"custom_model_data": 5
			},
			"model": "item/magic_essences/magic_essence_5"
		}
	]
}
