{
	"providers": [
    {
      "type": "bitmap",
      "file": "negative_space:font/pixel_split.png",
      "ascent": -32768,
      "height": -3,
      "chars": [
        "\uF801"
      ]
    },
    {
      "type": "bitmap",
      "file": "negative_space:font/pixel_split.png",
      "ascent": -32768,
      "height": -4,
      "chars": [
        "\uF802"
      ]
    },
    {
      "type": "bitmap",
      "file": "negative_space:font/pixel_split.png",
      "ascent": -32768,
      "height": -5,
      "chars": [
        "\uF803"
      ]
    },
    {
      "type": "bitmap",
      "file": "negative_space:font/pixel_split.png",
      "ascent": -32768,
      "height": -6,
      "chars": [
        "\uF804"
      ]
    },
    {
      "type": "bitmap",
      "file": "negative_space:font/pixel_split.png",
      "ascent": -32768,
      "height": -7,
      "chars": [
        "\uF805"
      ]
    },
    {
      "type": "bitmap",
      "file": "negative_space:font/pixel_split.png",
      "ascent": -32768,
      "height": -8,
      "chars": [
        "\uF806"
      ]
    },
    {
      "type": "bitmap",
      "file": "negative_space:font/pixel_split.png",
      "ascent": -32768,
      "height": -9,
      "chars": [
        "\uF807"
      ]
    },
    {
      "type": "bitmap",
      "file": "negative_space:font/pixel_split.png",
      "ascent": -32768,
      "height": -10,
      "chars": [
        "\uF808"
      ]
    },
    {
      "type": "bitmap",
      "file": "negative_space:font/pixel_split.png",
      "ascent": -32768,
      "height": -18,
      "chars": [
        "\uF809"
      ]
    },
    {
      "type": "bitmap",
      "file": "negative_space:font/pixel_split.png",
      "ascent": -32768,
      "height": -34,
      "chars": [
        "\uF80A"
      ]
    },
    {
      "type": "bitmap",
      "file": "negative_space:font/pixel_split.png",
      "ascent": -32768,
      "height": -66,
      "chars": [
        "\uF80B"
      ]
    },
    {
      "type": "bitmap",
      "file": "negative_space:font/pixel_split.png",
      "ascent": -32768,
      "height": -130,
      "chars": [
        "\uF80C"
      ]
    },
    {
      "type": "bitmap",
      "file": "negative_space:font/pixel_split.png",
      "ascent": -32768,
      "height": -258,
      "chars": [
        "\uF80D"
      ]
    },
    {
      "type": "bitmap",
      "file": "negative_space:font/pixel_split.png",
      "ascent": -32768,
      "height": -514,
      "chars": [
        "\uF80E"
      ]
    },
    {
      "type": "bitmap",
      "file": "negative_space:font/pixel_split.png",
      "ascent": -32768,
      "height": -1026,
      "chars": [
        "\uF80F"
      ]
    },
    {
      "type": "bitmap",
      "file": "negative_space:font/pixel_split.png",
      "ascent": -32770,
      "height": -32770,
      "chars": [
        "\uF800"
      ]
    },
    {
      "type": "bitmap",
      "file": "negative_space:font/pixel_split.png",
      "ascent": -32768,
      "height": 0,
      "chars": [
        "\uF821"
      ]
    },
    {
      "type": "bitmap",
      "file": "negative_space:font/pixel_split.png",
      "ascent": -32768,
      "height": 1,
      "chars": [
        "\uF822"
      ]
    },
    {
      "type": "bitmap",
      "file": "negative_space:font/pixel_split.png",
      "ascent": -32768,
      "height": 2,
      "chars": [
        "\uF823"
      ]
    },
    {
      "type": "bitmap",
      "file": "negative_space:font/pixel_split.png",
      "ascent": -32768,
      "height": 3,
      "chars": [
        "\uF824"
      ]
    },
    {
      "type": "bitmap",
      "file": "negative_space:font/pixel_split.png",
      "ascent": -32768,
      "height": 4,
      "chars": [
        "\uF825"
      ]
    },
    {
      "type": "bitmap",
      "file": "negative_space:font/pixel_split.png",
      "ascent": -32768,
      "height": 5,
      "chars": [
        "\uF826"
      ]
    },
    {
      "type": "bitmap",
      "file": "negative_space:font/pixel_split.png",
      "ascent": -32768,
      "height": 6,
      "chars": [
        "\uF827"
      ]
    },
    {
      "type": "bitmap",
      "file": "negative_space:font/pixel_split.png",
      "ascent": -32768,
      "height": 7,
      "chars": [
        "\uF828"
      ]
    },
    {
      "type": "bitmap",
      "file": "negative_space:font/pixel_split.png",
      "ascent": -32768,
      "height": 15,
      "chars": [
        "\uF829"
      ]
    },
    {
      "type": "bitmap",
      "file": "negative_space:font/pixel_split.png",
      "ascent": -32768,
      "height": 31,
      "chars": [
        "\uF82A"
      ]
    },
    {
      "type": "bitmap",
      "file": "negative_space:font/pixel_split.png",
      "ascent": -32768,
      "height": 63,
      "chars": [
        "\uF82B"
      ]
    },
    {
      "type": "bitmap",
      "file": "negative_space:font/pixel_split.png",
      "ascent": -32768,
      "height": 127,
      "chars": [
        "\uF82C"
      ]
    },
    {
      "type": "bitmap",
      "file": "negative_space:font/pixel_split.png",
      "ascent": -32768,
      "height": 255,
      "chars": [
        "\uF82D"
      ]
    },
    {
      "type": "bitmap",
      "file": "negative_space:font/pixel_split.png",
      "ascent": -32768,
      "height": 511,
      "chars": [
        "\uF82E"
      ]
    },
    {
      "type": "bitmap",
      "file": "negative_space:font/pixel_split.png",
      "ascent": -32768,
      "height": 1023,
      "chars": [
        "\uF82F"
      ]
    },
    {
      "type": "bitmap",
      "file": "negative_space:font/pixel_split.png",
      "ascent": -32768,
      "height": 32767,
      "chars": [
        "\uF820"
      ]
    },
    {
      "type": "bitmap",
      "file": "negative_space:font/pixel_nosplit.png",
      "ascent": -32768,
      "height": -3,
      "chars": [
        "\uF811"
      ]
    },
    {
      "type": "bitmap",
      "file": "negative_space:font/pixel_nosplit.png",
      "ascent": -32768,
      "height": -4,
      "chars": [
        "\uF812"
      ]
    },
    {
      "type": "bitmap",
      "file": "negative_space:font/pixel_nosplit.png",
      "ascent": -32768,
      "height": -5,
      "chars": [
        "\uF813"
      ]
    },
    {
      "type": "bitmap",
      "file": "negative_space:font/pixel_nosplit.png",
      "ascent": -32768,
      "height": -6,
      "chars": [
        "\uF814"
      ]
    },
    {
      "type": "bitmap",
      "file": "negative_space:font/pixel_nosplit.png",
      "ascent": -32768,
      "height": -7,
      "chars": [
        "\uF815"
      ]
    },
    {
      "type": "bitmap",
      "file": "negative_space:font/pixel_nosplit.png",
      "ascent": -32768,
      "height": -8,
      "chars": [
        "\uF816"
      ]
    },
    {
      "type": "bitmap",
      "file": "negative_space:font/pixel_nosplit.png",
      "ascent": -32768,
      "height": -9,
      "chars": [
        "\uF817"
      ]
    },
    {
      "type": "bitmap",
      "file": "negative_space:font/pixel_nosplit.png",
      "ascent": -32768,
      "height": -10,
      "chars": [
        "\uF818"
      ]
    },
    {
      "type": "bitmap",
      "file": "negative_space:font/pixel_nosplit.png",
      "ascent": -32768,
      "height": -18,
      "chars": [
        "\uF819"
      ]
    },
    {
      "type": "bitmap",
      "file": "negative_space:font/pixel_nosplit.png",
      "ascent": -32768,
      "height": -34,
      "chars": [
        "\uF81A"
      ]
    },
    {
      "type": "bitmap",
      "file": "negative_space:font/pixel_nosplit.png",
      "ascent": -32768,
      "height": -66,
      "chars": [
        "\uF81B"
      ]
    },
    {
      "type": "bitmap",
      "file": "negative_space:font/pixel_nosplit.png",
      "ascent": -32768,
      "height": -130,
      "chars": [
        "\uF81C"
      ]
    },
    {
      "type": "bitmap",
      "file": "negative_space:font/pixel_nosplit.png",
      "ascent": -32768,
      "height": -258,
      "chars": [
        "\uF81D"
      ]
    },
    {
      "type": "bitmap",
      "file": "negative_space:font/pixel_nosplit.png",
      "ascent": -32768,
      "height": -514,
      "chars": [
        "\uF81E"
      ]
    },
    {
      "type": "bitmap",
      "file": "negative_space:font/pixel_nosplit.png",
      "ascent": -32768,
      "height": -1026,
      "chars": [
        "\uF81F"
      ]
    },
    {
      "type": "bitmap",
      "file": "negative_space:font/pixel_nosplit.png",
      "ascent": -32768,
      "height": 0,
      "chars": [
        "\uF831"
      ]
    },
    {
      "type": "bitmap",
      "file": "negative_space:font/pixel_nosplit.png",
      "ascent": -32768,
      "height": 1,
      "chars": [
        "\uF832"
      ]
    },
    {
      "type": "bitmap",
      "file": "negative_space:font/pixel_nosplit.png",
      "ascent": -32768,
      "height": 2,
      "chars": [
        "\uF833"
      ]
    },
    {
      "type": "bitmap",
      "file": "negative_space:font/pixel_nosplit.png",
      "ascent": -32768,
      "height": 3,
      "chars": [
        "\uF834"
      ]
    },
    {
      "type": "bitmap",
      "file": "negative_space:font/pixel_nosplit.png",
      "ascent": -32768,
      "height": 4,
      "chars": [
        "\uF835"
      ]
    },
    {
      "type": "bitmap",
      "file": "negative_space:font/pixel_nosplit.png",
      "ascent": -32768,
      "height": 5,
      "chars": [
        "\uF836"
      ]
    },
    {
      "type": "bitmap",
      "file": "negative_space:font/pixel_nosplit.png",
      "ascent": -32768,
      "height": 6,
      "chars": [
        "\uF837"
      ]
    },
    {
      "type": "bitmap",
      "file": "negative_space:font/pixel_nosplit.png",
      "ascent": -32768,
      "height": 7,
      "chars": [
        "\uF838"
      ]
    },
    {
      "type": "bitmap",
      "file": "negative_space:font/pixel_nosplit.png",
      "ascent": -32768,
      "height": 15,
      "chars": [
        "\uF839"
      ]
    },
    {
      "type": "bitmap",
      "file": "negative_space:font/pixel_nosplit.png",
      "ascent": -32768,
      "height": 31,
      "chars": [
        "\uF83A"
      ]
    },
    {
      "type": "bitmap",
      "file": "negative_space:font/pixel_nosplit.png",
      "ascent": -32768,
      "height": 63,
      "chars": [
        "\uF83B"
      ]
    },
    {
      "type": "bitmap",
      "file": "negative_space:font/pixel_nosplit.png",
      "ascent": -32768,
      "height": 127,
      "chars": [
        "\uF83C"
      ]
    },
    {
      "type": "bitmap",
      "file": "negative_space:font/pixel_nosplit.png",
      "ascent": -32768,
      "height": 255,
      "chars": [
        "\uF83D"
      ]
    },
    {
      "type": "bitmap",
      "file": "negative_space:font/pixel_nosplit.png",
      "ascent": -32768,
      "height": 511,
      "chars": [
        "\uF83E"
      ]
    },
    {
      "type": "bitmap",
      "file": "negative_space:font/pixel_nosplit.png",
      "ascent": -32768,
      "height": 1023,
      "chars": [
        "\uF83F"
      ]
    },
    {
      "type": "bitmap",
      "file": "negative_space:font/pixel_nosplit.png",
      "ascent": -32768,
      "height": 32767,
      "chars": [
        "\uF830"
      ]
    },
		{
			"type": "bitmap",
			"file": "text:attribute_icons.png",
			"ascent": 8,
			"height": 10,
			"chars": ["\ue00c\ue00d\ue00e\ue00f\ue010\ue011\ue012\ue013\ue014\ue015\ue016\ue017\ue018\ue019\ue01a\ue01b"]
    },
		{
			"type": "bitmap",
			"file": "text:background.png",
			"ascent": 11,
			"height": 16,
			"chars": ["\ue01c\ue01d\ue01e\ue01f", "\ue020\ue021\ue022\ue023", "\ue024\ue025\ue026\ue027", "\ue028\ue029\ue02a\ue02b"]
		},
		{
			"type": "bitmap",
			"file": "text:background_bottom.png",
			"ascent": 11,
			"height": 16,
			"chars": ["\ue02c"]
    },
		{
			"type": "bitmap",
			"file": "text:badges.png",
			"ascent": 7,
			"height": 8,
			"chars": ["\ue02d\ue02e\ue02f\ue030\ue031", "\ue032\ue033\ue034\ue035\ue036", "\ue037\ue038\ue039\ue03a\ue03b", "\ue03c\ue03d\ue03e\ue03f\ue040", "\ue041\ue042\ue043\ue044\ue045", "\ue046\ue047\ue048\ue3d8\ue3d9"]
		},
		{
			"type": "bitmap",
			"file": "text:book_size_gui.png",
			"ascent": 36,
			"height": 180,
			"chars": ["\ue3da"]
    },
		{
			"type": "bitmap",
			"file": "text:skills.png",
			"ascent": 16,
			"height": 16,
			"chars": ["\ue3db\ue3dc\ue3dd\ue3de\ue3df", "\ue3e0\ue3e1\ue3e2\ue3e3\ue3e4", "\ue3e5\ue3e6\ue3e7\ue3e8\ue3e9", "\ue3ea\ue3eb\ue3ec\ue3ed\ue3ee", "\ue3ef\ue3f0\ue3f1\ue3f2\ue3f3", "\ue3f4\ue3f5\ue3f6\ue3f7\ue3f8"]
    },
		{
			"type": "bitmap",
			"file": "text:progress_background.png",
			"ascent": 7,
			"height": 8,
			"chars": ["\ue3f9"]
    },
		{
			"type": "bitmap",
			"file": "text:progress.png",
			"ascent": 7,
			"height": 8,
			"chars": ["\ue3fa"]
    },
		{
			"type": "bitmap",
			"file": "text:enchant_gui.png",
			"ascent": 12,
			"height": 166,
			"chars": ["\ue3fb"]
    },
		{
			"type": "bitmap",
			"file": "text:anvil_gui.png",
			"ascent": 12,
			"height": 166,
			"chars": ["\ue3fc"]
    },
		{
			"type": "bitmap",
			"file": "text:item_sheet.png",
			"ascent": 7,
			"height": 8,
			"chars": [
				"\ue049\ue04a\ue04b\ue04c\ue04d\ue04e\ue04f\ue050\ue051\ue052\ue053\ue054\ue055\ue056\ue057\ue058\ue059\ue05a\ue05b\ue05c\ue05d",
				"\ue05e\ue05f\ue060\ue061\ue062\ue063\ue064\ue065\ue066\ue067\ue068\ue069\ue06a\ue06b\ue06c\ue06d\ue06e\ue06f\ue070\ue071\ue072",
				"\ue073\ue074\ue075\ue076\ue077\ue078\ue079\ue07a\ue07b\ue07c\ue07d\ue07e\ue07f\ue080\ue081\ue082\ue083\ue084\ue085\ue086\ue087",
				"\ue088\ue089\ue08a\ue08b\ue08c\ue08d\ue08e\ue08f\ue090\ue091\ue092\ue093\ue094\ue095\ue096\ue097\ue098\ue099\ue09a\ue09b\ue09c",
				"\ue09d\ue09e\ue09f\ue0a0\ue0a1\ue0a2\ue0a3\ue0a4\ue0a5\ue0a6\ue0a7\ue0a8\ue0a9\ue0aa\ue0ab\ue0ac\ue0ad\ue0ae\ue0af\ue0b0\ue0b1",
				"\ue0b2\ue0b3\ue0b4\ue0b5\ue0b6\ue0b7\ue0b8\ue0b9\ue0ba\ue0bb\ue0bc\ue0bd\ue0be\ue0bf\ue0c0\ue0c1\ue0c2\ue0c3\ue0c4\ue0c5\ue0c6",
				"\ue0c7\ue0c8\ue0c9\ue0ca\ue0cb\ue0cc\ue0cd\ue0ce\ue0cf\ue0d0\ue0d1\ue0d2\ue0d3\ue0d4\ue0d5\ue0d6\ue0d7\ue0d8\ue0d9\ue0da\ue0db",
				"\ue0dc\ue0dd\ue0de\ue0df\ue0e0\ue0e1\ue0e2\ue0e3\ue0e4\ue0e5\ue0e6\ue0e7\ue0e8\ue0e9\ue0ea\ue0eb\ue0ec\ue0ed\ue0ee\ue0ef\ue0f0",
				"\ue0f1\ue0f2\ue0f3\ue0f4\ue0f5\ue0f6\ue0f7\ue0f8\ue0f9\ue0fa\ue0fb\ue0fc\ue0fd\ue0fe\ue0ff\ue100\ue101\ue102\ue103\ue104\ue105",
				"\ue106\ue107\ue108\ue109\ue10a\ue10b\ue10c\ue10d\ue10e\ue10f\ue110\ue111\ue112\ue113\ue114\ue115\ue116\ue117\ue118\ue119\ue11a",
				"\ue11b\ue11c\ue11d\ue11e\ue11f\ue120\ue121\ue122\ue123\ue124\ue125\ue126\ue127\ue128\ue129\ue12a\ue12b\ue12c\ue12d\ue12e\ue12f",
				"\ue130\ue131\ue132\ue133\ue134\ue135\ue136\ue137\ue138\ue139\ue13a\ue13b\ue13c\ue13d\ue13e\ue13f\ue140\ue141\ue142\ue143\ue144",
				"\ue145\ue146\ue147\ue148\ue149\ue14a\ue14b\ue14c\ue14d\ue14e\ue14f\ue150\ue151\ue152\ue153\ue154\ue155\ue156\ue157\ue158\ue159",
				"\ue15a\ue15b\ue15c\ue15d\ue15e\ue15f\ue160\ue161\ue162\ue163\ue164\ue165\ue166\ue167\ue168\ue169\ue16a\ue16b\ue16c\ue16d\ue16e",
				"\ue16f\ue170\ue171\ue172\ue173\ue174\ue175\ue176\ue177\ue178\ue179\ue17a\ue17b\ue17c\ue17d\ue17e\ue17f\ue180\ue181\ue182\ue183",
				"\ue184\ue185\ue186\ue187\ue188\ue189\ue18a\ue18b\ue18c\ue18d\ue18e\ue18f\ue190\ue191\ue192\ue193\ue194\ue195\ue196\ue197\ue198",
				"\ue199\ue19a\ue19b\ue19c\ue19d\ue19e\ue19f\ue1a0\ue1a1\ue1a2\ue1a3\ue1a4\ue1a5\ue1a6\ue1a7\ue1a8\ue1a9\ue1aa\ue1ab\ue1ac\ue1ad",
				"\ue1ae\ue1af\ue1b0\ue1b1\ue1b2\ue1b3\ue1b4\ue1b5\ue1b6\ue1b7\ue1b8\ue1b9\ue1ba\ue1bb\ue1bc\ue1bd\ue1be\ue1bf\ue1c0\ue1c1\ue1c2",
				"\ue1c3\ue1c4\ue1c5\ue1c6\ue1c7\ue1c8\ue1c9\ue1ca\ue1cb\ue1cc\ue1cd\ue1ce\ue1cf\ue1d0\ue1d1\ue1d2\ue1d3\ue1d4\ue1d5\ue1d6\ue1d7",
				"\ue1d8\ue1d9\ue1da\ue1db\ue1dc\ue1dd\ue1de\ue1df\ue1e0\ue1e1\ue1e2\ue1e3\ue1e4\ue1e5\ue1e6\ue1e7\ue1e8\ue1e9\ue1ea\ue1eb\ue1ec",
				"\ue1ed\ue1ee\ue1ef\ue1f0\ue1f1\ue1f2\ue1f3\ue1f4\ue1f5\ue1f6\ue1f7\ue1f8\ue1f9\ue1fa\ue1fb\ue1fc\ue1fd\ue1fe\u0000\u0000\u0000"
			]
		},
		{
			"type": "bitmap",
			"file": "text:block_sheet.png",
			"ascent": 7,
			"height": 8,
			"chars": [
				"\ue1ff\ue200\ue201\ue202\ue203\ue204\ue205\ue206\ue207\ue208\ue209\ue20a\ue20b\ue20c\ue20d\ue20e\ue20f\ue210\ue211\ue212\ue213\ue214",
				"\ue215\ue216\ue217\ue218\ue219\ue21a\ue21b\ue21c\ue21d\ue21e\ue21f\ue220\ue221\ue222\ue223\ue224\ue225\ue226\ue227\ue228\ue229\ue22a",
				"\ue22b\ue22c\ue22d\ue22e\ue22f\ue230\ue231\ue232\ue233\ue234\ue235\ue236\ue237\ue238\ue239\ue23a\ue23b\ue23c\ue23d\ue23e\ue23f\ue240",
				"\ue241\ue242\ue243\ue244\ue245\ue246\ue247\ue248\ue249\ue24a\ue24b\ue24c\ue24d\ue24e\ue24f\ue250\ue251\ue252\ue253\ue254\ue255\ue256",
				"\ue257\ue258\ue259\ue25a\ue25b\ue25c\ue25d\ue25e\ue25f\ue260\ue261\ue262\ue263\ue264\ue265\ue266\ue267\ue268\ue269\ue26a\ue26b\ue26c",
				"\ue26d\ue26e\ue26f\ue270\ue271\ue272\ue273\ue274\ue275\ue276\ue277\ue278\ue279\ue27a\ue27b\ue27c\ue27d\ue27e\ue27f\ue280\ue281\ue282",
				"\ue283\ue284\ue285\ue286\ue287\ue288\ue289\ue28a\ue28b\ue28c\ue28d\ue28e\ue28f\ue290\ue291\ue292\ue293\ue294\ue295\ue296\ue297\ue298",
				"\ue299\ue29a\ue29b\ue29c\ue29d\ue29e\ue29f\ue2a0\ue2a1\ue2a2\ue2a3\ue2a4\ue2a5\ue2a6\ue2a7\ue2a8\ue2a9\ue2aa\ue2ab\ue2ac\ue2ad\ue2ae",
				"\ue2af\ue2b0\ue2b1\ue2b2\ue2b3\ue2b4\ue2b5\ue2b6\ue2b7\ue2b8\ue2b9\ue2ba\ue2bb\ue2bc\ue2bd\ue2be\ue2bf\ue2c0\ue2c1\ue2c2\ue2c3\ue2c4",
				"\ue2c5\ue2c6\ue2c7\ue2c8\ue2c9\ue2ca\ue2cb\ue2cc\ue2cd\ue2ce\ue2cf\ue2d0\ue2d1\ue2d2\ue2d3\ue2d4\ue2d5\ue2d6\ue2d7\ue2d8\ue2d9\ue2da",
				"\ue2db\ue2dc\ue2dd\ue2de\ue2df\ue2e0\ue2e1\ue2e2\ue2e3\ue2e4\ue2e5\ue2e6\ue2e7\ue2e8\ue2e9\ue2ea\ue2eb\ue2ec\ue2ed\ue2ee\ue2ef\ue2f0",
				"\ue2f1\ue2f2\ue2f3\ue2f4\ue2f5\ue2f6\ue2f7\ue2f8\ue2f9\ue2fa\ue2fb\ue2fc\ue2fd\ue2fe\ue2ff\ue300\ue301\ue302\ue303\ue304\ue305\ue306",
				"\ue307\ue308\ue309\ue30a\ue30b\ue30c\ue30d\ue30e\ue30f\ue310\ue311\ue312\ue313\ue314\ue315\ue316\ue317\ue318\ue319\ue31a\ue31b\ue31c",
				"\ue31d\ue31e\ue31f\ue320\ue321\ue322\ue323\ue324\ue325\ue326\ue327\ue328\ue329\ue32a\ue32b\ue32c\ue32d\ue32e\ue32f\ue330\ue331\ue332",
				"\ue333\ue334\ue335\ue336\ue337\ue338\ue339\ue33a\ue33b\ue33c\ue33d\ue33e\ue33f\ue340\ue341\ue342\ue343\ue344\ue345\ue346\ue347\ue348",
				"\ue349\ue34a\ue34b\ue34c\ue34d\ue34e\ue34f\ue350\ue351\ue352\ue353\ue354\ue355\ue356\ue357\ue358\ue359\ue35a\ue35b\ue35c\ue35d\ue35e",
				"\ue35f\ue360\ue361\ue362\ue363\ue364\ue365\ue366\ue367\ue368\ue369\ue36a\ue36b\ue36c\ue36d\ue36e\ue36f\ue370\ue371\ue372\ue373\ue374",
				"\ue375\ue376\ue377\ue378\ue379\ue37a\ue37b\ue37c\ue37d\ue37e\ue37f\ue380\ue381\ue382\ue383\ue384\ue385\ue386\ue387\ue388\ue389\ue38a",
				"\ue38b\ue38c\ue38d\ue38e\ue38f\ue390\ue391\ue392\ue393\ue394\ue395\ue396\ue397\ue398\ue399\ue39a\ue39b\ue39c\ue39d\ue39e\ue39f\ue3a0",
				"\ue3a1\ue3a2\ue3a3\ue3a4\ue3a5\ue3a6\ue3a7\ue3a8\ue3a9\ue3aa\ue3ab\ue3ac\ue3ad\ue3ae\ue3af\ue3b0\ue3b1\ue3b2\ue3b3\ue3b4\ue3b5\ue3b6",
				"\ue3b7\ue3b8\ue3b9\ue3ba\ue3bb\ue3bc\ue3bd\ue3be\ue3bf\ue3c0\ue3c1\ue3c2\ue3c3\ue3c4\ue3c5\ue3c6\ue3c7\ue3c8\ue3c9\ue3ca\ue3cb\ue3cc",
				"\ue3cd\ue3ce\ue3cf\ue3d0\ue3d1\ue3d2\ue3d3\ue3d4\ue3d5\ue3d6\ue3d7\u0000\u0000\u0000\u0000\u0000\u0000\u0000\u0000\u0000\u0000\u0000"
			]
		},
		{
			"type": "bitmap",
			"file": "text:item_sheet.png",
			"ascent": -13,
			"height": 16,
			"chars": [
				"\ue3d8\ue3d9\ue3da\ue3db\ue3dc\ue3dd\ue3de\ue3df\ue3e0\ue3e1\ue3e2\ue3e3\ue3e4\ue3e5\ue3e6\ue3e7\ue3e8\ue3e9\ue3ea\ue3eb\ue3ec",
				"\ue3ed\ue3ee\ue3ef\ue3f0\ue3f1\ue3f2\ue3f3\ue3f4\ue3f5\ue3f6\ue3f7\ue3f8\ue3f9\ue3fa\ue3fb\ue3fc\ue3fd\ue3fe\ue3ff\ue400\ue401",
				"\ue402\ue403\ue404\ue405\ue406\ue407\ue408\ue409\ue40a\ue40b\ue40c\ue40d\ue40e\ue40f\ue410\ue411\ue412\ue413\ue414\ue415\ue416",
				"\ue417\ue418\ue419\ue41a\ue41b\ue41c\ue41d\ue41e\ue41f\ue420\ue421\ue422\ue423\ue424\ue425\ue426\ue427\ue428\ue429\ue42a\ue42b",
				"\ue42c\ue42d\ue42e\ue42f\ue430\ue431\ue432\ue433\ue434\ue435\ue436\ue437\ue438\ue439\ue43a\ue43b\ue43c\ue43d\ue43e\ue43f\ue440",
				"\ue441\ue442\ue443\ue444\ue445\ue446\ue447\ue448\ue449\ue44a\ue44b\ue44c\ue44d\ue44e\ue44f\ue450\ue451\ue452\ue453\ue454\ue455",
				"\ue456\ue457\ue458\ue459\ue45a\ue45b\ue45c\ue45d\ue45e\ue45f\ue460\ue461\ue462\ue463\ue464\ue465\ue466\ue467\ue468\ue469\ue46a",
				"\ue46b\ue46c\ue46d\ue46e\ue46f\ue470\ue471\ue472\ue473\ue474\ue475\ue476\ue477\ue478\ue479\ue47a\ue47b\ue47c\ue47d\ue47e\ue47f",
				"\ue480\ue481\ue482\ue483\ue484\ue485\ue486\ue487\ue488\ue489\ue48a\ue48b\ue48c\ue48d\ue48e\ue48f\ue490\ue491\ue492\ue493\ue494",
				"\ue495\ue496\ue497\ue498\ue499\ue49a\ue49b\ue49c\ue49d\ue49e\ue49f\ue4a0\ue4a1\ue4a2\ue4a3\ue4a4\ue4a5\ue4a6\ue4a7\ue4a8\ue4a9",
				"\ue4aa\ue4ab\ue4ac\ue4ad\ue4ae\ue4af\ue4b0\ue4b1\ue4b2\ue4b3\ue4b4\ue4b5\ue4b6\ue4b7\ue4b8\ue4b9\ue4ba\ue4bb\ue4bc\ue4bd\ue4be",
				"\ue4bf\ue4c0\ue4c1\ue4c2\ue4c3\ue4c4\ue4c5\ue4c6\ue4c7\ue4c8\ue4c9\ue4ca\ue4cb\ue4cc\ue4cd\ue4ce\ue4cf\ue4d0\ue4d1\ue4d2\ue4d3",
				"\ue4d4\ue4d5\ue4d6\ue4d7\ue4d8\ue4d9\ue4da\ue4db\ue4dc\ue4dd\ue4de\ue4df\ue4e0\ue4e1\ue4e2\ue4e3\ue4e4\ue4e5\ue4e6\ue4e7\ue4e8",
				"\ue4e9\ue4ea\ue4eb\ue4ec\ue4ed\ue4ee\ue4ef\ue4f0\ue4f1\ue4f2\ue4f3\ue4f4\ue4f5\ue4f6\ue4f7\ue4f8\ue4f9\ue4fa\ue4fb\ue4fc\ue4fd",
				"\ue4fe\ue4ff\ue500\ue501\ue502\ue503\ue504\ue505\ue506\ue507\ue508\ue509\ue50a\ue50b\ue50c\ue50d\ue50e\ue50f\ue510\ue511\ue512",
				"\ue513\ue514\ue515\ue516\ue517\ue518\ue519\ue51a\ue51b\ue51c\ue51d\ue51e\ue51f\ue520\ue521\ue522\ue523\ue524\ue525\ue526\ue527",
				"\ue528\ue529\ue52a\ue52b\ue52c\ue52d\ue52e\ue52f\ue530\ue531\ue532\ue533\ue534\ue535\ue536\ue537\ue538\ue539\ue53a\ue53b\ue53c",
				"\ue53d\ue53e\ue53f\ue540\ue541\ue542\ue543\ue544\ue545\ue546\ue547\ue548\ue549\ue54a\ue54b\ue54c\ue54d\ue54e\ue54f\ue550\ue551",
				"\ue552\ue553\ue554\ue555\ue556\ue557\ue558\ue559\ue55a\ue55b\ue55c\ue55d\ue55e\ue55f\ue560\ue561\ue562\ue563\ue564\ue565\ue566",
				"\ue567\ue568\ue569\ue56a\ue56b\ue56c\ue56d\ue56e\ue56f\ue570\ue571\ue572\ue573\ue574\ue575\ue576\ue577\ue578\ue579\ue57a\ue57b",
				"\ue57c\ue57d\ue57e\ue57f\ue580\ue581\ue582\ue583\ue584\ue585\ue586\ue587\ue588\ue589\ue58a\ue58b\ue58c\ue58d\u0000\u0000\u0000"
			]
		},
		{
			"type": "bitmap",
			"file": "text:block_sheet.png",
			"ascent": -13,
			"height": 16,
			"chars": [
				"\ue58e\ue58f\ue590\ue591\ue592\ue593\ue594\ue595\ue596\ue597\ue598\ue599\ue59a\ue59b\ue59c\ue59d\ue59e\ue59f\ue5a0\ue5a1\ue5a2\ue5a3",
				"\ue5a4\ue5a5\ue5a6\ue5a7\ue5a8\ue5a9\ue5aa\ue5ab\ue5ac\ue5ad\ue5ae\ue5af\ue5b0\ue5b1\ue5b2\ue5b3\ue5b4\ue5b5\ue5b6\ue5b7\ue5b8\ue5b9",
				"\ue5ba\ue5bb\ue5bc\ue5bd\ue5be\ue5bf\ue5c0\ue5c1\ue5c2\ue5c3\ue5c4\ue5c5\ue5c6\ue5c7\ue5c8\ue5c9\ue5ca\ue5cb\ue5cc\ue5cd\ue5ce\ue5cf",
				"\ue5d0\ue5d1\ue5d2\ue5d3\ue5d4\ue5d5\ue5d6\ue5d7\ue5d8\ue5d9\ue5da\ue5db\ue5dc\ue5dd\ue5de\ue5df\ue5e0\ue5e1\ue5e2\ue5e3\ue5e4\ue5e5",
				"\ue5e6\ue5e7\ue5e8\ue5e9\ue5ea\ue5eb\ue5ec\ue5ed\ue5ee\ue5ef\ue5f0\ue5f1\ue5f2\ue5f3\ue5f4\ue5f5\ue5f6\ue5f7\ue5f8\ue5f9\ue5fa\ue5fb",
				"\ue5fc\ue5fd\ue5fe\ue5ff\ue600\ue601\ue602\ue603\ue604\ue605\ue606\ue607\ue608\ue609\ue60a\ue60b\ue60c\ue60d\ue60e\ue60f\ue610\ue611",
				"\ue612\ue613\ue614\ue615\ue616\ue617\ue618\ue619\ue61a\ue61b\ue61c\ue61d\ue61e\ue61f\ue620\ue621\ue622\ue623\ue624\ue625\ue626\ue627",
				"\ue628\ue629\ue62a\ue62b\ue62c\ue62d\ue62e\ue62f\ue630\ue631\ue632\ue633\ue634\ue635\ue636\ue637\ue638\ue639\ue63a\ue63b\ue63c\ue63d",
				"\ue63e\ue63f\ue640\ue641\ue642\ue643\ue644\ue645\ue646\ue647\ue648\ue649\ue64a\ue64b\ue64c\ue64d\ue64e\ue64f\ue650\ue651\ue652\ue653",
				"\ue654\ue655\ue656\ue657\ue658\ue659\ue65a\ue65b\ue65c\ue65d\ue65e\ue65f\ue660\ue661\ue662\ue663\ue664\ue665\ue666\ue667\ue668\ue669",
				"\ue66a\ue66b\ue66c\ue66d\ue66e\ue66f\ue670\ue671\ue672\ue673\ue674\ue675\ue676\ue677\ue678\ue679\ue67a\ue67b\ue67c\ue67d\ue67e\ue67f",
				"\ue680\ue681\ue682\ue683\ue684\ue685\ue686\ue687\ue688\ue689\ue68a\ue68b\ue68c\ue68d\ue68e\ue68f\ue690\ue691\ue692\ue693\ue694\ue695",
				"\ue696\ue697\ue698\ue699\ue69a\ue69b\ue69c\ue69d\ue69e\ue69f\ue6a0\ue6a1\ue6a2\ue6a3\ue6a4\ue6a5\ue6a6\ue6a7\ue6a8\ue6a9\ue6aa\ue6ab",
				"\ue6ac\ue6ad\ue6ae\ue6af\ue6b0\ue6b1\ue6b2\ue6b3\ue6b4\ue6b5\ue6b6\ue6b7\ue6b8\ue6b9\ue6ba\ue6bb\ue6bc\ue6bd\ue6be\ue6bf\ue6c0\ue6c1",
				"\ue6c2\ue6c3\ue6c4\ue6c5\ue6c6\ue6c7\ue6c8\ue6c9\ue6ca\ue6cb\ue6cc\ue6cd\ue6ce\ue6cf\ue6d0\ue6d1\ue6d2\ue6d3\ue6d4\ue6d5\ue6d6\ue6d7",
				"\ue6d8\ue6d9\ue6da\ue6db\ue6dc\ue6dd\ue6de\ue6df\ue6e0\ue6e1\ue6e2\ue6e3\ue6e4\ue6e5\ue6e6\ue6e7\ue6e8\ue6e9\ue6ea\ue6eb\ue6ec\ue6ed",
				"\ue6ee\ue6ef\ue6f0\ue6f1\ue6f2\ue6f3\ue6f4\ue6f5\ue6f6\ue6f7\ue6f8\ue6f9\ue6fa\ue6fb\ue6fc\ue6fd\ue6fe\ue6ff\ue700\ue701\ue702\ue703",
				"\ue704\ue705\ue706\ue707\ue708\ue709\ue70a\ue70b\ue70c\ue70d\ue70e\ue70f\ue710\ue711\ue712\ue713\ue714\ue715\ue716\ue717\ue718\ue719",
				"\ue71a\ue71b\ue71c\ue71d\ue71e\ue71f\ue720\ue721\ue722\ue723\ue724\ue725\ue726\ue727\ue728\ue729\ue72a\ue72b\ue72c\ue72d\ue72e\ue72f",
				"\ue730\ue731\ue732\ue733\ue734\ue735\ue736\ue737\ue738\ue739\ue73a\ue73b\ue73c\ue73d\ue73e\ue73f\ue740\ue741\ue742\ue743\ue744\ue745",
				"\ue746\ue747\ue748\ue749\ue74a\ue74b\ue74c\ue74d\ue74e\ue74f\ue750\ue751\ue752\ue753\ue754\ue755\ue756\ue757\ue758\ue759\ue75a\ue75b",
				"\ue75c\ue75d\ue75e\ue75f\ue760\ue761\ue762\ue763\ue764\ue765\ue766\u0000\u0000\u0000\u0000\u0000\u0000\u0000\u0000\u0000\u0000\u0000"
			]
		},
		{
			"type": "bitmap",
			"file": "text:item_sheet.png",
			"ascent": -31,
			"height": 16,
			"chars": [
				"\ue767\ue768\ue769\ue76a\ue76b\ue76c\ue76d\ue76e\ue76f\ue770\ue771\ue772\ue773\ue774\ue775\ue776\ue777\ue778\ue779\ue77a\ue77b",
				"\ue77c\ue77d\ue77e\ue77f\ue780\ue781\ue782\ue783\ue784\ue785\ue786\ue787\ue788\ue789\ue78a\ue78b\ue78c\ue78d\ue78e\ue78f\ue790",
				"\ue791\ue792\ue793\ue794\ue795\ue796\ue797\ue798\ue799\ue79a\ue79b\ue79c\ue79d\ue79e\ue79f\ue7a0\ue7a1\ue7a2\ue7a3\ue7a4\ue7a5",
				"\ue7a6\ue7a7\ue7a8\ue7a9\ue7aa\ue7ab\ue7ac\ue7ad\ue7ae\ue7af\ue7b0\ue7b1\ue7b2\ue7b3\ue7b4\ue7b5\ue7b6\ue7b7\ue7b8\ue7b9\ue7ba",
				"\ue7bb\ue7bc\ue7bd\ue7be\ue7bf\ue7c0\ue7c1\ue7c2\ue7c3\ue7c4\ue7c5\ue7c6\ue7c7\ue7c8\ue7c9\ue7ca\ue7cb\ue7cc\ue7cd\ue7ce\ue7cf",
				"\ue7d0\ue7d1\ue7d2\ue7d3\ue7d4\ue7d5\ue7d6\ue7d7\ue7d8\ue7d9\ue7da\ue7db\ue7dc\ue7dd\ue7de\ue7df\ue7e0\ue7e1\ue7e2\ue7e3\ue7e4",
				"\ue7e5\ue7e6\ue7e7\ue7e8\ue7e9\ue7ea\ue7eb\ue7ec\ue7ed\ue7ee\ue7ef\ue7f0\ue7f1\ue7f2\ue7f3\ue7f4\ue7f5\ue7f6\ue7f7\ue7f8\ue7f9",
				"\ue7fa\ue7fb\ue7fc\ue7fd\ue7fe\ue7ff\ue800\ue801\ue802\ue803\ue804\ue805\ue806\ue807\ue808\ue809\ue80a\ue80b\ue80c\ue80d\ue80e",
				"\ue80f\ue810\ue811\ue812\ue813\ue814\ue815\ue816\ue817\ue818\ue819\ue81a\ue81b\ue81c\ue81d\ue81e\ue81f\ue820\ue821\ue822\ue823",
				"\ue824\ue825\ue826\ue827\ue828\ue829\ue82a\ue82b\ue82c\ue82d\ue82e\ue82f\ue830\ue831\ue832\ue833\ue834\ue835\ue836\ue837\ue838",
				"\ue839\ue83a\ue83b\ue83c\ue83d\ue83e\ue83f\ue840\ue841\ue842\ue843\ue844\ue845\ue846\ue847\ue848\ue849\ue84a\ue84b\ue84c\ue84d",
				"\ue84e\ue84f\ue850\ue851\ue852\ue853\ue854\ue855\ue856\ue857\ue858\ue859\ue85a\ue85b\ue85c\ue85d\ue85e\ue85f\ue860\ue861\ue862",
				"\ue863\ue864\ue865\ue866\ue867\ue868\ue869\ue86a\ue86b\ue86c\ue86d\ue86e\ue86f\ue870\ue871\ue872\ue873\ue874\ue875\ue876\ue877",
				"\ue878\ue879\ue87a\ue87b\ue87c\ue87d\ue87e\ue87f\ue880\ue881\ue882\ue883\ue884\ue885\ue886\ue887\ue888\ue889\ue88a\ue88b\ue88c",
				"\ue88d\ue88e\ue88f\ue890\ue891\ue892\ue893\ue894\ue895\ue896\ue897\ue898\ue899\ue89a\ue89b\ue89c\ue89d\ue89e\ue89f\ue8a0\ue8a1",
				"\ue8a2\ue8a3\ue8a4\ue8a5\ue8a6\ue8a7\ue8a8\ue8a9\ue8aa\ue8ab\ue8ac\ue8ad\ue8ae\ue8af\ue8b0\ue8b1\ue8b2\ue8b3\ue8b4\ue8b5\ue8b6",
				"\ue8b7\ue8b8\ue8b9\ue8ba\ue8bb\ue8bc\ue8bd\ue8be\ue8bf\ue8c0\ue8c1\ue8c2\ue8c3\ue8c4\ue8c5\ue8c6\ue8c7\ue8c8\ue8c9\ue8ca\ue8cb",
				"\ue8cc\ue8cd\ue8ce\ue8cf\ue8d0\ue8d1\ue8d2\ue8d3\ue8d4\ue8d5\ue8d6\ue8d7\ue8d8\ue8d9\ue8da\ue8db\ue8dc\ue8dd\ue8de\ue8df\ue8e0",
				"\ue8e1\ue8e2\ue8e3\ue8e4\ue8e5\ue8e6\ue8e7\ue8e8\ue8e9\ue8ea\ue8eb\ue8ec\ue8ed\ue8ee\ue8ef\ue8f0\ue8f1\ue8f2\ue8f3\ue8f4\ue8f5",
				"\ue8f6\ue8f7\ue8f8\ue8f9\ue8fa\ue8fb\ue8fc\ue8fd\ue8fe\ue8ff\ue900\ue901\ue902\ue903\ue904\ue905\ue906\ue907\ue908\ue909\ue90a",
				"\ue90b\ue90c\ue90d\ue90e\ue90f\ue910\ue911\ue912\ue913\ue914\ue915\ue916\ue917\ue918\ue919\ue91a\ue91b\ue91c\u0000\u0000\u0000"
			]
		},
		{
			"type": "bitmap",
			"file": "text:block_sheet.png",
			"ascent": -31,
			"height": 16,
			"chars": [
				"\ue91d\ue91e\ue91f\ue920\ue921\ue922\ue923\ue924\ue925\ue926\ue927\ue928\ue929\ue92a\ue92b\ue92c\ue92d\ue92e\ue92f\ue930\ue931\ue932",
				"\ue933\ue934\ue935\ue936\ue937\ue938\ue939\ue93a\ue93b\ue93c\ue93d\ue93e\ue93f\ue940\ue941\ue942\ue943\ue944\ue945\ue946\ue947\ue948",
				"\ue949\ue94a\ue94b\ue94c\ue94d\ue94e\ue94f\ue950\ue951\ue952\ue953\ue954\ue955\ue956\ue957\ue958\ue959\ue95a\ue95b\ue95c\ue95d\ue95e",
				"\ue95f\ue960\ue961\ue962\ue963\ue964\ue965\ue966\ue967\ue968\ue969\ue96a\ue96b\ue96c\ue96d\ue96e\ue96f\ue970\ue971\ue972\ue973\ue974",
				"\ue975\ue976\ue977\ue978\ue979\ue97a\ue97b\ue97c\ue97d\ue97e\ue97f\ue980\ue981\ue982\ue983\ue984\ue985\ue986\ue987\ue988\ue989\ue98a",
				"\ue98b\ue98c\ue98d\ue98e\ue98f\ue990\ue991\ue992\ue993\ue994\ue995\ue996\ue997\ue998\ue999\ue99a\ue99b\ue99c\ue99d\ue99e\ue99f\ue9a0",
				"\ue9a1\ue9a2\ue9a3\ue9a4\ue9a5\ue9a6\ue9a7\ue9a8\ue9a9\ue9aa\ue9ab\ue9ac\ue9ad\ue9ae\ue9af\ue9b0\ue9b1\ue9b2\ue9b3\ue9b4\ue9b5\ue9b6",
				"\ue9b7\ue9b8\ue9b9\ue9ba\ue9bb\ue9bc\ue9bd\ue9be\ue9bf\ue9c0\ue9c1\ue9c2\ue9c3\ue9c4\ue9c5\ue9c6\ue9c7\ue9c8\ue9c9\ue9ca\ue9cb\ue9cc",
				"\ue9cd\ue9ce\ue9cf\ue9d0\ue9d1\ue9d2\ue9d3\ue9d4\ue9d5\ue9d6\ue9d7\ue9d8\ue9d9\ue9da\ue9db\ue9dc\ue9dd\ue9de\ue9df\ue9e0\ue9e1\ue9e2",
				"\ue9e3\ue9e4\ue9e5\ue9e6\ue9e7\ue9e8\ue9e9\ue9ea\ue9eb\ue9ec\ue9ed\ue9ee\ue9ef\ue9f0\ue9f1\ue9f2\ue9f3\ue9f4\ue9f5\ue9f6\ue9f7\ue9f8",
				"\ue9f9\ue9fa\ue9fb\ue9fc\ue9fd\ue9fe\ue9ff\uea00\uea01\uea02\uea03\uea04\uea05\uea06\uea07\uea08\uea09\uea0a\uea0b\uea0c\uea0d\uea0e",
				"\uea0f\uea10\uea11\uea12\uea13\uea14\uea15\uea16\uea17\uea18\uea19\uea1a\uea1b\uea1c\uea1d\uea1e\uea1f\uea20\uea21\uea22\uea23\uea24",
				"\uea25\uea26\uea27\uea28\uea29\uea2a\uea2b\uea2c\uea2d\uea2e\uea2f\uea30\uea31\uea32\uea33\uea34\uea35\uea36\uea37\uea38\uea39\uea3a",
				"\uea3b\uea3c\uea3d\uea3e\uea3f\uea40\uea41\uea42\uea43\uea44\uea45\uea46\uea47\uea48\uea49\uea4a\uea4b\uea4c\uea4d\uea4e\uea4f\uea50",
				"\uea51\uea52\uea53\uea54\uea55\uea56\uea57\uea58\uea59\uea5a\uea5b\uea5c\uea5d\uea5e\uea5f\uea60\uea61\uea62\uea63\uea64\uea65\uea66",
				"\uea67\uea68\uea69\uea6a\uea6b\uea6c\uea6d\uea6e\uea6f\uea70\uea71\uea72\uea73\uea74\uea75\uea76\uea77\uea78\uea79\uea7a\uea7b\uea7c",
				"\uea7d\uea7e\uea7f\uea80\uea81\uea82\uea83\uea84\uea85\uea86\uea87\uea88\uea89\uea8a\uea8b\uea8c\uea8d\uea8e\uea8f\uea90\uea91\uea92",
				"\uea93\uea94\uea95\uea96\uea97\uea98\uea99\uea9a\uea9b\uea9c\uea9d\uea9e\uea9f\ueaa0\ueaa1\ueaa2\ueaa3\ueaa4\ueaa5\ueaa6\ueaa7\ueaa8",
				"\ueaa9\ueaaa\ueaab\ueaac\ueaad\ueaae\ueaaf\ueab0\ueab1\ueab2\ueab3\ueab4\ueab5\ueab6\ueab7\ueab8\ueab9\ueaba\ueabb\ueabc\ueabd\ueabe",
				"\ueabf\ueac0\ueac1\ueac2\ueac3\ueac4\ueac5\ueac6\ueac7\ueac8\ueac9\ueaca\ueacb\ueacc\ueacd\ueace\ueacf\uead0\uead1\uead2\uead3\uead4",
				"\uead5\uead6\uead7\uead8\uead9\ueada\ueadb\ueadc\ueadd\ueade\ueadf\ueae0\ueae1\ueae2\ueae3\ueae4\ueae5\ueae6\ueae7\ueae8\ueae9\ueaea",
				"\ueaeb\ueaec\ueaed\ueaee\ueaef\ueaf0\ueaf1\ueaf2\ueaf3\ueaf4\ueaf5\u0000\u0000\u0000\u0000\u0000\u0000\u0000\u0000\u0000\u0000\u0000"
			]
		},
		{
		"type": "bitmap",
			"file": "minecraft:font/ascii.png",
			"ascent": 7,
			"chars": [
				"\u0000\u0000\u0000\u0000\u0000\u0000\u0000\u0000\u0000\u0000\u0000\u0000\u0000\u0000\u0000\u0000",
				"\u0000\u0000\u0000\u0000\u0000\u0000\u0000\u0000\u0000\u0000\u0000\u0000\u0000\u0000\u0000\u0000",
				"\u0000\uFF01\uFF02\uFF03\uFF04\uFF05\uFF06\uFF07\uFF08\uFF09\uFF0A\uFF0B\uFF0C\uFF0D\uFF0E\uFF0F",
				"\uFF10\uFF11\uFF12\uFF13\uFF14\uFF15\uFF16\uFF17\uFF18\uFF19\uFF1A\uFF1B\uFF1C\uFF1D\uFF1E\uFF1F",
				"\uFF20\uFF21\uFF22\uFF23\uFF24\uFF25\uFF26\uFF27\uFF28\uFF29\uFF2A\uFF2B\uFF2C\uFF2D\uFF2E\uFF2F",
				"\uFF30\uFF31\uFF32\uFF33\uFF34\uFF35\uFF36\uFF37\uFF38\uFF39\uFF3A\uFF3B\uFF3C\uFF3D\uFF3E\uFF3F",
				"\uFF40\uFF41\uFF42\uFF43\uFF44\uFF45\uFF46\uFF47\uFF48\uFF49\uFF4A\uFF4B\uFF4C\uFF4D\uFF4E\uFF4F",
				"\uFF50\uFF51\uFF52\uFF53\uFF54\uFF55\uFF56\uFF57\uFF58\uFF59\uFF5A\uFF5B\uFF5C\uFF5D\uFF5E\u0000",
				"\u0000\u0000\u0000\u0000\u0000\u0000\u0000\u0000\u0000\u0000\u0000\u0000\u0000\u0000\u0000\u0000",
				"\u0000\u0000\u0000\u0000\u0000\u0000\u0000\u0000\u0000\u0000\u0000\u0000\u0000\u0000\u0000\u0000",
				"\u0000\u0000\u0000\u0000\u0000\u0000\u0000\u0000\u0000\u0000\u0000\u0000\u0000\u0000\u0000\u0000",
				"\u0000\u0000\u0000\u0000\u0000\u0000\u0000\u0000\u0000\u0000\u0000\u0000\u0000\u0000\u0000\u0000",
				"\u0000\u0000\u0000\u0000\u0000\u0000\u0000\u0000\u0000\u0000\u0000\u0000\u0000\u0000\u0000\u0000",
				"\u0000\u0000\u0000\u0000\u0000\u0000\u0000\u0000\u0000\u0000\u0000\u0000\u0000\u0000\u0000\u0000",
				"\u0000\u0000\u0000\u0000\u0000\u0000\u0000\u0000\u0000\u0000\u0000\u0000\u0000\u0000\u0000\u0000",
				"\u0000\u0000\u0000\u0000\u0000\u0000\u0000\u0000\u0000\u0000\u0000\u0000\u0000\u0000\u0000\u0000"
			]
		},
		{
			"type": "legacy_unicode",
			"sizes": "minecraft:font/glyph_sizes.bin",
			"template": "minecraft:font/unicode_page_%s.png"
		}
	]
}